time,age,education,area,app_use,device,first_look,easy_information,comprehensible,colors,font,choices,navigation,order_navigation,trust,custom,change,order_detail
10/19/2019 23:39:47,Mayores 40,Primario Completo,Comercio,2,Celular,Esta nuy buena la aplicacion.exelente!!,4,4,Si,5,No,3,No,S√≠,5,Nada,Muy bien detallado.
10/20/2019 12:18:04,Entre 15 y 21 a√±os,Secundario Incompleto,Tecnolog√≠a,4,Celular,,4,5,Si,5,No,3,No,S√≠,5,,
10/20/2019 12:23:23,Entre 21 y 30 a√±os,Universitario Incompleto,Matem√°ticas,4,Celular,N,4,5,Si,5,No,3,Si,S√≠,5,Nada,Ok
10/20/2019 13:56:47,Entre 21 y 30 a√±os,Universitario Incompleto,Matem√°ticas,4,Celular,Kcyo,3,5,Si,5,"Si, copiense de pedidos ya(?",2,Si,S√≠,4,Botones m√°s c√≥modos e intuitivos para gente mayor,Bien
10/20/2019 14:01:19,Entre 21 y 30 a√±os,Universitario Incompleto,Arte,4,Celular,Piola ,3,4,Si,5,Tal vez ,2,No,S√≠,4,Una notificaci√≥n cuando tenes pedidos pendientes para no tener que fijarte en la opci√≥n para completar tu pedido,Bien detallado 
10/22/2019 21:36:52,Entre 21 y 30 a√±os,Universitario Incompleto,Tecnolog√≠a,4,Celular,Es visualmente agradable,4,5,Si,5,No,3,No,S√≠,5,Nada,Me pareci√≥ muy interesante que te permita cambiar los ingredientes de un plato X antes de confirmar el pedido
10/22/2019 21:44:33,Entre 21 y 30 a√±os,Universitario Incompleto,Arte,3,Celular,Similar a las aplicaciones de pedidos online ,4,5,No,5,"Podr√≠a tener m√°s especificaciones adem√°s de las fotos, el sistema de estrellas si bien se entiende no queda claro en que se basa ",3,No,S√≠,4,"Los colores y el dise√±o de estilo en general , la parte funcional est√° perfecta ",B√°sica pero funcional 
10/22/2019 21:49:02,Entre 21 y 30 a√±os,Secundario Completo,Arte,3,Celular,,1,5,Si,4,,3,Si,No sabe,4,"Tal vez poder agregar detalles en texto sobre la comida ej: deja la carne jugosa, ",
10/22/2019 21:52:01,Entre 30 y 40 a√±os,Universitario Completo,Idiomas,4,Celular,Intuitiva,4,5,Si,5,No,3,No,S√≠,5,M√°s colorida ,Clara
10/22/2019 21:57:00,Entre 30 y 40 a√±os,"Posgrado (Maestr√≠a, Doctorado, etc.)",Administrativo,4,Celular,"F√°cil, rapida, moderna.",4,5,Si,5,Como borrar alg√∫n men√∫ en cada secci√≥n de plato,3,No,S√≠,5,"El detalle del pedido, mejorar la visual de la lista",Sencilla
10/22/2019 22:36:15,Entre 15 y 21 a√±os,Secundario Completo,Tecnolog√≠a,4,Celular,Se ve√≠a lo suficientemente elegante,3,4,Si,5,Editar la lista de elecciones,3,No,S√≠,5,El bot√≥n que dice pedido lo har√≠a m√°s llamativo. Y pondr√≠a un bot√≥n editar tambi√©n. Que no sea necesario crear el pedido para editar,Muy intuitiva. Pero falta agregar alg√∫n comentario. Quiero la comida sin sal por ejemplo
10/22/2019 23:21:48,Entre 30 y 40 a√±os,Universitario Incompleto,Tecnolog√≠a,4,Celular,Es simple y efectiva,4,3,No,3,Estaria bueno poder visualizar en tiempo real mi pedido sin tener que ingresar al boton superior derecho. Ejemplo una animacion que agregue el item al final de la lista.,3,No,S√≠,5,Que sea responsive. En la computadora se veia una linea recta hacia abajo como si solo estuviera hecha para celulares. No hacia falta el scroll si las cajitas completaran la pantalla.,Se veia cortado y pisado en los nombres de las comidas mas grandes.
10/23/2019 6:40:20,Mayores 40,Universitario Incompleto,Tecnolog√≠a,4,Celular,,4,5,Si,3,,3,No,S√≠,5,El mensaje que da al final cuando se seleccion√≥ queda y tapa el men√∫ de abajo,se solaparon datos con los importes esto es poco claro
10/23/2019 7:29:44,Entre 21 y 30 a√±os,Secundario Incompleto,Tecnolog√≠a,2,Celular,Curiosidad,3,5,Si,5,La us√© muy r√°pido. Sab√≠a que era una simulaci√≥n.,3,No,S√≠,4,El bot√≥n ‚Äúpedido‚Äù no destaca. Bien podr√≠a decir ‚Äúlisto‚Äù o ‚Äúcontinuar‚Äù o ‚Äúver pedido‚Äù. O tal vez con cambiar el color podr√≠a ser suficiente para lograr interpretarlo,"Simple, concreta."
10/23/2019 8:43:21,Entre 21 y 30 a√±os,Universitario Incompleto,Tecnolog√≠a,4,Celular,,4,4,Si,3,,3,No,S√≠,3,El men√∫ fijo de abajo(con las distintas categor√≠as de platos) se comporta tosco al scrollear. ,Los textos de la descripci√≥n se mezclan con el precio. El detalle de los opcionales no se normaliza.
10/23/2019 8:56:41,Entre 30 y 40 a√±os,Secundario Completo,Arte,1,Celular,Agradable ,4,4,Si,3,,3,No,S√≠,5,"Al final cuando da el total de la cuenta, las letras estaban muy grandes y se encimaban. ",Genial
10/23/2019 9:23:11,Entre 21 y 30 a√±os,Universitario Incompleto,Tecnolog√≠a,4,Computadora,Sencilla,4,5,Si,5,,3,No,S√≠,5,,
10/23/2019 9:45:47,Entre 15 y 21 a√±os,Universitario Incompleto,Social,3,Celular,Hambre,4,5,No,5,Si,2,No,S√≠,1,Al hacer clic en algo no sabes qu√© va a hacer,Muy buena
10/23/2019 15:28:34,Entre 30 y 40 a√±os,Universitario Completo,Lenguas,4,Celular,Muy simple y organizada,4,5,Si,5,No,3,No,S√≠,5,"Solo me llamo la atencion que al pasar a platos, postres, bebidas, me aparece por la mitad de las opciones. O sea, tuve que deslizar hacia arriba y habia dos opciones mas q no habia visto",Super clara
10/26/2019 13:31:57,Mayores 40,Primario Completo,Matem√°ticas,4,Celular,,4,5,Si,5,,3,No,S√≠,5,Nada,Muy buena 
10/26/2019 13:57:06,Mayores 40,Secundario Completo,Matem√°ticas,1,Celular,Es f√°cil hacer el pedido ,4,4,Si,5,Para hacer un Pedido de comida est√° bien. ,3,No,S√≠,4,Nada ,F√°cil
10/26/2019 14:27:22,Entre 30 y 40 a√±os,Universitario Incompleto,Matem√°ticas,3,Celular,Facil de usar  y comodo,4,5,Si,5,Tipo de pago..tarjeta debito ..efectivo..,3,No,S√≠,4,Esta ok,Muy buena
10/26/2019 14:30:09,Mayores 40,Ninguno,Docencia,3,Celular,Qu√© era f√°cil de usar,4,5,Si,5,No,2,No,S√≠,4,Nada,Muy buena
10/26/2019 14:57:59,Entre 30 y 40 a√±os,Universitario Completo,Matem√°ticas,4,Celular,Genial,4,5,Si,5,No,3,No,S√≠,5,,
10/26/2019 15:37:40,Entre 15 y 21 a√±os,Secundario Incompleto,Matem√°ticas,2,Celular,Eh nada,2,5,Si,3,Nose,2,No,S√≠,3,,
10/26/2019 19:25:01,Mayores 40,Secundario Incompleto,Gastronom√≠a,1,Celular,Primero no entend√≠,2,5,Si,5,No estuvo bien,2,No,No sabe,4,Nada,Me parece normal
10/27/2019 12:38:08,Entre 21 y 30 a√±os,Universitario Incompleto,Salud,4,Celular,Muy pr√°ctica,4,5,Si,5,Opiniones de cada men√∫ realizada por otros clientes ,3,No,S√≠,5,Agregar√≠a comentarios sobre cada plato hecha por otros comensales,Muy clara
10/30/2019 23:37:29,Entre 30 y 40 a√±os,Secundario Incompleto,Mantenimiento y limpieza ,3,Celular,Buena,4,5,Si,5,Si puede ser que falten m√°s opciones. ,3,No,S√≠,5,Que tenga m√°s opciones para agregar al pedido. ,Bien
10/30/2019 23:37:42,Entre 15 y 21 a√±os,Universitario Incompleto,Bienestar social,,,"Me gust√≥ mucho y me dio hambre, aunque me hubiese gustado que haya mas variedad de comida, y me gusto la facilidad con la que se podia elegir los menus",4,4,Si,5,No,3,Si,No sabe,5,La calidad de las im√°genes de los distintos men√∫s ,Muy buena 
10/30/2019 23:38:23,Entre 21 y 30 a√±os,Universitario Incompleto,Tecnolog√≠a,4,Celular,Amigable,4,5,Si,5,Todo ok,3,No,No sabe,5,Todo okOriginal,Original
10/30/2019 23:38:57,,,,,,,,,,,Todo ok,,,,,Todo okOriginal,
10/30/2019 23:40:48,Entre 15 y 21 a√±os,Secundario Completo,Arte,4,Celular,"Me sorprendi√≥, nunca hab√≠a visto algo as√≠",4,4,Si,5,,3,No,S√≠,4,Nada,Muy buena
10/30/2019 23:41:43,Mayores 40,Secundario Completo,Ciencia,4,Celular,Novedoso,4,5,Si,5,No,3,No,S√≠,5,Nada,Buenisimo
10/30/2019 23:45:11,Entre 21 y 30 a√±os,Universitario Completo,Salud,2,Celular,Zarpado,4,5,Si,5,No,2,No,S√≠,4,M√°s detallada las im√°genes de la comida. ,Simple 
10/30/2019 23:47:16,Entre 15 y 21 a√±os,Secundario Completo,Arte,3,Celular,Sensilla y facil de usar üëç,4,4,No,5,Nose ,2,No,No sabe,3,El color ,Buena
10/31/2019 0:47:06,Entre 21 y 30 a√±os,Universitario Completo,Tecnolog√≠a,4,Computadora,Botones mezclados entre productos y la primer opci√≥n para ir a los items y agregar los productos. El boton de agregar producto deber√≠a ser la acci√≥n principal y estar aislado de forma llamativa.,4,4,Si,5,"tal vez sugerencias de menus, para no andar eligiendo uno por uno, alg√∫n plato del d√≠a.",2,No,S√≠,4,"El accedo a la funcionalidad principal de agregar pedido, m√°s visible, aislado..",Muy bueno si se refiere a los items para agregar (?
10/31/2019 0:49:51,Entre 30 y 40 a√±os,Universitario Completo,Tecnolog√≠a,4,Celular,Me gust√≥ la idea,4,5,Si,5,Seleccionar m√°s de una opci√≥n. Ejemplo: 2 gaseosas iguales. Incorporar√≠a la cantidad,3,No,S√≠,5,Un mensaje de ‚Äúest√° seguro que desea continuar?‚Äù por si confirmo el pedido sin querer. No tengo chance de volver atr√°s ,Deber√≠a agrupar si elijo dos opciones iguales
10/31/2019 6:09:33,Entre 30 y 40 a√±os,Universitario Completo,Administrativo,4,Celular,Muy completa y visual. Muy buena la opci√≥n de poder sacar ingredientes o elegir guarniciones.,4,5,Si,5,Capaz alg√∫n campo para dejar un comentario al final? ,3,Si,S√≠,5,,Muy clara 
10/31/2019 6:20:58,Entre 21 y 30 a√±os,Universitario Incompleto,Administrativo,4,Celular,Me pareci√≥ s√∫per pr√°ctica,4,5,No,5,Estaba muy completo todo,2,No,S√≠,5,,Est√° buena
10/31/2019 7:18:34,Mayores 40,"Posgrado (Maestr√≠a, Doctorado, etc.)",Salud,4,Celular,Sorpresa,3,4,Si,3,No,2,No,S√≠,3,Nada,Buena
10/31/2019 7:19:53,Mayores 40,Universitario Completo,Salud,3,Celular,Optima,4,5,Si,5,Opciones correctas,2,No,S√≠,5,Es muy adecuada,Muy ordenada
10/31/2019 7:48:52,Mayores 40,"Posgrado (Maestr√≠a, Doctorado, etc.)",Judicial,2,Celular,Buena,4,5,Si,5,No,2,No,S√≠,5,,Muy buena
10/31/2019 8:49:26,Mayores 40,Universitario Completo,Administrativo,4,Celular,"Divertido, practico",1,5,Si,5,No,3,No,S√≠,5,Alg√∫n emoji le agregaria,Buena
10/31/2019 18:36:22,Mayores 40,Secundario Completo,Salud,2,Celular,Q moderno!! Como avanza la tecnologia,4,5,Si,5,,2,No,S√≠,3,,Bueni
10/31/2019 21:45:16,Mayores 40,Universitario Completo,Judicial,1,Celular,Extra√±a rara,3,4,Si,5,No se,2,No,No,4,No se,No se
10/31/2019 22:07:37,Entre 21 y 30 a√±os,Universitario Incompleto,Judicial,4,Celular,Super entendible. Muy bien detallado,4,5,Si,5,No,3,No,S√≠,5,No,Muy completo
10/31/2019 22:13:20,Entre 30 y 40 a√±os,Universitario Incompleto,Tecnolog√≠a,3,Celular,F√°cil de usar,4,5,Si,5,Si,2,Si,No sabe,3,"Le pondr√≠a m√°s opciones. Y que se puedan hacer cambios. Como sal extra, sin sal, adherezos, etc.",Buena
10/31/2019 22:13:24,Entre 21 y 30 a√±os,Secundario Completo,Tecnolog√≠a,2,Celular,Buena aplicaci√≥n ,4,5,Si,5,No ,3,No,S√≠,5,Nada est√° muy buena ,Muy f√°cil 
10/31/2019 22:23:46,Mayores 40,Universitario Incompleto,Salud,4,Celular,,4,5,Si,5,,2,No,S√≠,5,El orden de los platos,Organizada
10/31/2019 22:30:14,Mayores 40,Universitario Incompleto,Idiomas,4,Celular,Me gust√≥ ,4,5,Si,5,"M√°s bebidas, por ejemplo ligth",1,No,S√≠,5,"Un bot√≥n ‚Äú
Finalizar pedido‚Äù",Buena
10/31/2019 22:38:49,Mayores 40,Universitario Completo,Salud,4,Celular,Excelente,4,5,Si,5,No,3,No,S√≠,5,No le har√≠a cambios,Organizada
10/31/2019 22:39:05,,,,,,,,,,,No,,,,,No le har√≠a cambios,
11/1/2019 5:36:04,Mayores 40,Universitario Completo,Administrativo,4,Celular,Me llamo mucho la atenci√≥n . Muy interesante la propuesta. ,4,5,Si,5,No,3,No,S√≠,5,Para mi estuvo bien ,Clara y precisa 
11/1/2019 7:44:35,Mayores 40,Universitario Incompleto,Administrativo,4,Celular,Buena,4,5,Si,4,Ninguno,2,No,S√≠,5,Nada,Buena
11/1/2019 8:11:10,Entre 30 y 40 a√±os,Universitario Completo,Administrativo,4,Celular,Viewfriendly,4,5,Si,5,Si. Opcion de agregar un comentario al plato. Da la opcion de editar o borrar el plato. Quise agregar que las rabas esten bien crocantes pero no pude.,3,No,S√≠,4,Solo la opcion de editar o agregar comentario,Muy clara
11/1/2019 8:19:59,Mayores 40,Universitario Completo,Tecnolog√≠a,4,Computadora,Muy buena,4,5,Si,5,"Quiz√°s alg√∫n indicador del paso en que me encuentro en el armado del pedido. Y quiz√°s tambi√©n, alg√∫n indicador m√°s claro de finalizaci√≥n del mismo.",3,No,S√≠,5,S√≥lo lo indicado en qu√© le agregar√≠a.,Muy tentadora
11/1/2019 8:22:58,Entre 30 y 40 a√±os,Universitario Completo,Matem√°ticas,4,Celular,Interesante,3,4,Si,5,solo cantidad en bebidas,3,No,S√≠,5,Cantidad en bebida,Muy bueno
11/1/2019 8:25:26,Entre 30 y 40 a√±os,Universitario Completo,Arte,4,Celular,Muy claro e intuitivo!,4,5,Si,5,No,3,No,S√≠,5,Nada,"Novedosa, me sorprendio y me encanto ya que nunca la habia visto!"
11/1/2019 8:30:03,Entre 30 y 40 a√±os,Universitario Completo,Ciencia,4,Celular,Interfaz muy amena,4,4,Si,5,Agua con gas,3,Si,S√≠,5,Distribuci√≥n de las opciones,Muy clara 
11/1/2019 8:31:14,Entre 30 y 40 a√±os,Universitario Incompleto,Administrativo,4,Celular,"Buena , clara y f√°cil.",4,5,Si,5,Agregar comentarios para puntos de cocci√≥n y/o aderezos extras q pudiera querer,3,No,S√≠,3,Nada. Muy similar a aplicaciones actuales y reales como Pedidos ya. No encontr√© el campo para agregar comentarios extras.,Bueno
11/1/2019 8:45:05,Entre 30 y 40 a√±os,Universitario Incompleto,Tecnolog√≠a,3,Celular,Ns/nc,3,4,Si,5,Indicador de que hay un pedido agregado,3,No,S√≠,4,Agregar√≠a en el inicio un atajo a combos ya armados con entrada y bebida,Bien para pocos √≠tems 
11/1/2019 9:02:39,Entre 30 y 40 a√±os,Universitario Incompleto,Administrativo,4,Celular,Similar a otras app,4,5,Si,4,No,2,No,S√≠,4,,
11/1/2019 9:53:59,Entre 30 y 40 a√±os,Universitario Completo,Administrativo,4,Celular,Visualmente le falta desarrollo,4,1,No,5,Le faltar√≠a poder agregar o poder sacar ingredientes en los platos. Cerrar√≠a el c√≠rculo pudiendo pagar o generar la factura. ,1,No,S√≠,3,Le falta estructura y funcionalidades ,Se puede mejorar la visual 
11/1/2019 12:35:32,Mayores 40,Universitario Incompleto,Comercio,3,Celular,Sencilla..,4,5,Si,5,"No
",3,No,S√≠,5,,Bien
11/1/2019 14:37:24,Entre 30 y 40 a√±os,Universitario Completo,Contable,4,Celular,Facil uso,4,5,Si,5,Comentario en el pedido.,3,No,S√≠,4,,Clara
11/1/2019 15:11:18,Mayores 40,Universitario Completo,Matem√°ticas,4,Celular,Buena,4,5,Si,5,S√≠,3,No,S√≠,4,"Variedad en e men√∫.
Men√∫ ligth y vegetariano
Qu√© se vea a un costado lo que estoy encargando","Me gustar√≠a que el detalle del pedido se viera mientras navego, porque en general pido varios platos."
11/1/2019 15:41:34,Entre 30 y 40 a√±os,"Posgrado (Maestr√≠a, Doctorado, etc.)",Salud,4,Celular,Que no iba a funcionar bien,4,5,Si,5,"Indicar alergenos (gluten, etc) ",3,No,S√≠,5,"La primera p√°gina, es poco llamativa",Buena
11/1/2019 18:17:08,Entre 21 y 30 a√±os,Universitario Incompleto,Salud,4,Computadora,"A primera impresi√≥n pareciera ser bastante efectiva, pero con el pasar de men√∫s se vuelve menos clara",3,2,Si,5,"No opciones, s√≠ optimizaci√≥n",,No,S√≠,3,"Le agregar√≠a un men√∫ al costado, con los elementos que est√°n acumul√°ndose en el men√∫ seleccionado, le a√±adir√≠a la opci√≥n de ""Cantidad"" a cada plato y el men√∫ de Entrada-Plato-Bebida-Postre lo har√≠a ""m√°s amigable"" a la vista, o que una vez seleccionado un men√∫, se vuelva a un inicio para poder seguir eligiendo sin tener que ir apretando 1x1.","Los detalles estuvieron bien, al igual que las opciones sobre las l√≠neas de gaseosas y platos"
11/1/2019 18:21:27,Entre 21 y 30 a√±os,Universitario Incompleto,Tecnolog√≠a,4,Celular,,4,5,Si,5,Tiempo estimado de demora dependiendo el plato,3,Si,S√≠,5,,
11/1/2019 18:38:29,Entre 15 y 21 a√±os,Secundario Completo,Tecnolog√≠a,4,Celular,Me dio a aplicaci√≥n falsa o sea no me gener√≥ confianza. Tal vez m√°s colores y decoraci√≥n ser√≠a bueno. Las fotos de baja calidad y poca cantidad. ,2,2,Si,3,"Cantidad de platos por comida. M√°s descripciones porque para ver qu√© es lo que lleva la ensalada o o nachos (entre otros) tengo que apretar ‚Äúagregar‚Äù y eso no es tan intuitivo. Opciones de punto de cocci√≥n (no es tan necesario, seg√∫n platos que se ofrezca). Opciones de pago. Puede que no sea intuitivo para algunos que, una vez que estoy en el pedido‚Äù, tenga que apretar E-mozo para volver al men√∫; tal vez ser√≠a bueno poner un bot√≥n que diga ‚Äúvolver al men√∫ ‚Äú o algo as√≠.  Igual est√° linda no quiero parecer un hater.",2,Si,S√≠,2,"Color, im√°genes (poner m√°s), alg√∫n bot√≥n m√°s para ir y venir de men√∫ a pedido, cantidad en el pedido si ped√≠ dos platos iguales, agregar cantidad en los platos del men√∫ o sea si quiero pedir dos ensaladas poder poner 2. Resumen de todo lo que puse arriba. Saludos! ","Me gust√≥ pero estar√≠a bueno que si pido dos bastones de muzzarela no me lo ponga dos veces en la lista, sino que me ponga que son dos(2)"
11/1/2019 18:38:50,Entre 30 y 40 a√±os,Universitario Incompleto,Salud,3,Celular,,3,4,Si,4,Entrada super caloricas nada de verde ..no es para nada de diferente con otras aplicaciones vigentes ..no siendo yo una experta para nada en el tema ..,3,No,No sabe,3,No da ideas ..solo presenta platos .. yo haria algo asi como ... que quiero comer hoy .. y pondria lista de incredientes que desearia .. en funcion de esa lista pondria las opciones para ver ..porque sino perdes el tiempo viendo cosas que nonsiquiera queres comer ... o tambien por ejemplo .. preguntas como ... que no le puede faltar a tu plato el dia de hoy ?? .. y ahi ..tampo hay un ranking de lo mas pedido .. ni opcion saludable calorias ni free gluten .. .. en general creo que repite modelos ya existentes sin mas pretenciones .. creo que hay que reformular .. cono cuando eramos ni√±os y,Totalmente clara y habitual 
11/1/2019 18:45:56,Entre 21 y 30 a√±os,Universitario Incompleto,Salud,1,Celular,Muy agil y rapida,4,5,Si,5,No.,2,No,No sabe,5,Capaz otras opciones de postre. ,10 puntos.
11/1/2019 19:00:17,Entre 21 y 30 a√±os,Secundario Completo,GASTRONOM√çA,1,Celular,Est√° muy bien,,,,,"Es un poco simple, pero zafa. ",3,No,S√≠,5,"Se que es una tesis pero esta es mi opini√≥n. Es Muy simple, faltaria alguna opci√≥n para modificar alg√∫n ingrediente del men√∫, o si son libre de gluten, o para la gente que es intolerante a la lactosa, o simplemente hacer alguna sugerencia, como por ejemplo, sin ketchup que no me gusta.... y pondr√≠a mejores fotos... La chocotorta parece un brownie con nueces, la hamburguesa parece la de MC Donalds y da la imagen a que va a llegar cualquier cosa.",Demasiado b√°sico.
11/1/2019 19:53:56,Mayores 40,"Posgrado (Maestr√≠a, Doctorado, etc.)",Arte,4,Celular,,4,5,No,5,,2,No,S√≠,3,No tiene tecla retroceso. Eleg√≠s el plato y queda ahi y falta si queres sumar mas de un plato igual u otro diferente,
11/1/2019 20:24:46,Entre 21 y 30 a√±os,Universitario Incompleto,Tecnolog√≠a,3,Celular,Una aplicaci√≥n como Pedidos ya,4,4,No,4,Si,2,No,S√≠,4,"Una opci√≥n para agregar detalles, ejemplos una hamburguesa completa pero sin cebolla.",Bueno
11/1/2019 21:41:32,Entre 21 y 30 a√±os,Universitario Incompleto,Ciencia,4,Celular,"Le falta m√°s dise√±o para mi. Algo que resalte un poco m√°s, en especial en la pantalla de entrada",4,5,Si,5,Nada que se me ocurra.,3,No,S√≠,5,"M√°s que nada dise√±o es lo que le falta, el resto un 10.","Me pareci√≥ una idea excelente, me encant√≥ la idea. "
11/1/2019 22:10:18,Mayores 40,Secundario Incompleto,Tecnolog√≠a,3,Celular,Muy buena,4,5,Si,5,No,2,No,S√≠,4,Nada,Exelente
11/1/2019 23:15:28,Entre 21 y 30 a√±os,Universitario Incompleto,Ciencia,1,Celular,Falta de color y motivos en general,4,4,No,5,Falta variedad en cuanto a comida y opciones para cel√≠acos y veganos,2,No,"Si pero no ten√©s una instancia para hacer comentarios si quer√©s cambiar algo particular del pedido, ej: que la hamburguesa no tenga cebolla ",4,"Presentaci√≥n, colores y variedad en cuanto a men√∫ y alg√∫n lugar donde manifestar comentarios",Falta informaci√≥n detallada de la oferta
11/2/2019 10:27:56,Entre 30 y 40 a√±os,Universitario Completo,Ingenier√≠a ,3,Celular,"Simple, minimalista ",4,4,Si,4,Si fuera para pedido on line faltar√≠a el m√©todo de pago y para uso en restaurant la posibilidad de llamar a un mesero por alguna consulta o necesidad,2,Si,S√≠,4,,"Simple, clara "
11/4/2019 19:20:03,Entre 30 y 40 a√±os,Secundario Completo,Comercio,2,Celular,Buena,4,5,Si,5,"Si, Mas variedad ",3,No,No,5,,Bastante clara con plato y precio
1/28/2020 14:59:35,Entre 30 y 40 a√±os,Universitario Completo,Tecnolog√≠a,4,Celular,Buen look and feel,4,5,Si,5,Flechas de antes y despu√©s para avanzar en las distintas etapas y un bot√≥n al final de las opciones que permita subir al principio de la p√°gina ,3,Si,S√≠,5,Cambiaria la forma de presentar las opciones del men√∫ para que permita recorrerlo m√°s de una vez en forma r√°pida ,Muy claro